LOCATION,Country,INDICATOR,Indicator,MEASURE,Measure,INEQUALITY,Inequality,Unit Code,Unit,PowerCode Code,PowerCode,Reference Period Code,Reference Period,Value,Flag Codes,Flags
AUS,Australia,SC_SNTWS,Quality of support network,L,Value,TOT,Total,PC,Percentage,0,units,,,92,,
AUT,Austria,SC_SNTWS,Quality of support network,L,Value,TOT,Total,PC,Percentage,0,units,,,89,,
BEL,Belgium,SC_SNTWS,Quality of support network,L,Value,TOT,Total,PC,Percentage,0,units,,,94,,
CAN,Canada,SC_SNTWS,Quality of support network,L,Value,TOT,Total,PC,Percentage,0,units,,,92,,
CZE,Czech Republic,SC_SNTWS,Quality of support network,L,Value,TOT,Total,PC,Percentage,0,units,,,85,,
DNK,Denmark,SC_SNTWS,Quality of support network,L,Value,TOT,Total,PC,Percentage,0,units,,,95,,
FIN,Finland,SC_SNTWS,Quality of support network,L,Value,TOT,Total,PC,Percentage,0,units,,,95,,
FRA,France,SC_SNTWS,Quality of support network,L,Value,TOT,Total,PC,Percentage,0,units,,,87,,
DEU,Germany,SC_SNTWS,Quality of support network,L,Value,TOT,Total,PC,Percentage,0,units,,,94,,
GRC,Greece,SC_SNTWS,Quality of support network,L,Value,TOT,Total,PC,Percentage,0,units,,,83,,
HUN,Hungary,SC_SNTWS,Quality of support network,L,Value,TOT,Total,PC,Percentage,0,units,,,87,,
ISL,Iceland,SC_SNTWS,Quality of support network,L,Value,TOT,Total,PC,Percentage,0,units,,,96,,
IRL,Ireland,SC_SNTWS,Quality of support network,L,Value,TOT,Total,PC,Percentage,0,units,,,96,,
ITA,Italy,SC_SNTWS,Quality of support network,L,Value,TOT,Total,PC,Percentage,0,units,,,90,,
JPN,Japan,SC_SNTWS,Quality of support network,L,Value,TOT,Total,PC,Percentage,0,units,,,89,,
KOR,Korea,SC_SNTWS,Quality of support network,L,Value,TOT,Total,PC,Percentage,0,units,,,72,,
LUX,Luxembourg,SC_SNTWS,Quality of support network,L,Value,TOT,Total,PC,Percentage,0,units,,,87,,
MEX,Mexico,SC_SNTWS,Quality of support network,L,Value,TOT,Total,PC,Percentage,0,units,,,77,,
NLD,Netherlands,SC_SNTWS,Quality of support network,L,Value,TOT,Total,PC,Percentage,0,units,,,90,,
NZL,New Zealand,SC_SNTWS,Quality of support network,L,Value,TOT,Total,PC,Percentage,0,units,,,94,,
NOR,Norway,SC_SNTWS,Quality of support network,L,Value,TOT,Total,PC,Percentage,0,units,,,94,,
POL,Poland,SC_SNTWS,Quality of support network,L,Value,TOT,Total,PC,Percentage,0,units,,,91,,
PRT,Portugal,SC_SNTWS,Quality of support network,L,Value,TOT,Total,PC,Percentage,0,units,,,86,,
SVK,Slovak Republic,SC_SNTWS,Quality of support network,L,Value,TOT,Total,PC,Percentage,0,units,,,90,,
ESP,Spain,SC_SNTWS,Quality of support network,L,Value,TOT,Total,PC,Percentage,0,units,,,95,,
SWE,Sweden,SC_SNTWS,Quality of support network,L,Value,TOT,Total,PC,Percentage,0,units,,,92,,
CHE,Switzerland,SC_SNTWS,Quality of support network,L,Value,TOT,Total,PC,Percentage,0,units,,,96,,
TUR,Turkey,SC_SNTWS,Quality of support network,L,Value,TOT,Total,PC,Percentage,0,units,,,86,,
GBR,United Kingdom,SC_SNTWS,Quality of support network,L,Value,TOT,Total,PC,Percentage,0,units,,,91,,
USA,United States,SC_SNTWS,Quality of support network,L,Value,TOT,Total,PC,Percentage,0,units,,,90,,
BRA,Brazil,SC_SNTWS,Quality of support network,L,Value,TOT,Total,PC,Percentage,0,units,,,90,,
CHL,Chile,SC_SNTWS,Quality of support network,L,Value,TOT,Total,PC,Percentage,0,units,,,86,,
EST,Estonia,SC_SNTWS,Quality of support network,L,Value,TOT,Total,PC,Percentage,0,units,,,89,,
ISR,Israel,SC_SNTWS,Quality of support network,L,Value,TOT,Total,PC,Percentage,0,units,,,87,,
RUS,Russia,SC_SNTWS,Quality of support network,L,Value,TOT,Total,PC,Percentage,0,units,,,90,,
SVN,Slovenia,SC_SNTWS,Quality of support network,L,Value,TOT,Total,PC,Percentage,0,units,,,90,,
AUS,Australia,EQ_AIRP,Air pollution,L,Value,TOT,Total,MICRO_M3,Micrograms per cubic metre,0,units,,,13,,
AUT,Austria,EQ_AIRP,Air pollution,L,Value,TOT,Total,MICRO_M3,Micrograms per cubic metre,0,units,,,27,,
BEL,Belgium,EQ_AIRP,Air pollution,L,Value,TOT,Total,MICRO_M3,Micrograms per cubic metre,0,units,,,21,,
CAN,Canada,EQ_AIRP,Air pollution,L,Value,TOT,Total,MICRO_M3,Micrograms per cubic metre,0,units,,,15,,
CZE,Czech Republic,EQ_AIRP,Air pollution,L,Value,TOT,Total,MICRO_M3,Micrograms per cubic metre,0,units,,,16,,
DNK,Denmark,EQ_AIRP,Air pollution,L,Value,TOT,Total,MICRO_M3,Micrograms per cubic metre,0,units,,,15,,
FIN,Finland,EQ_AIRP,Air pollution,L,Value,TOT,Total,MICRO_M3,Micrograms per cubic metre,0,units,,,15,,
FRA,France,EQ_AIRP,Air pollution,L,Value,TOT,Total,MICRO_M3,Micrograms per cubic metre,0,units,,,12,,
DEU,Germany,EQ_AIRP,Air pollution,L,Value,TOT,Total,MICRO_M3,Micrograms per cubic metre,0,units,,,16,,
GRC,Greece,EQ_AIRP,Air pollution,L,Value,TOT,Total,MICRO_M3,Micrograms per cubic metre,0,units,,,27,,
HUN,Hungary,EQ_AIRP,Air pollution,L,Value,TOT,Total,MICRO_M3,Micrograms per cubic metre,0,units,,,15,,
ISL,Iceland,EQ_AIRP,Air pollution,L,Value,TOT,Total,MICRO_M3,Micrograms per cubic metre,0,units,,,18,,
IRL,Ireland,EQ_AIRP,Air pollution,L,Value,TOT,Total,MICRO_M3,Micrograms per cubic metre,0,units,,,13,,
ITA,Italy,EQ_AIRP,Air pollution,L,Value,TOT,Total,MICRO_M3,Micrograms per cubic metre,0,units,,,21,,
JPN,Japan,EQ_AIRP,Air pollution,L,Value,TOT,Total,MICRO_M3,Micrograms per cubic metre,0,units,,,24,,
KOR,Korea,EQ_AIRP,Air pollution,L,Value,TOT,Total,MICRO_M3,Micrograms per cubic metre,0,units,,,30,,
LUX,Luxembourg,EQ_AIRP,Air pollution,L,Value,TOT,Total,MICRO_M3,Micrograms per cubic metre,0,units,,,12,,
MEX,Mexico,EQ_AIRP,Air pollution,L,Value,TOT,Total,MICRO_M3,Micrograms per cubic metre,0,units,,,30,,
NLD,Netherlands,EQ_AIRP,Air pollution,L,Value,TOT,Total,MICRO_M3,Micrograms per cubic metre,0,units,,,30,,
NZL,New Zealand,EQ_AIRP,Air pollution,L,Value,TOT,Total,MICRO_M3,Micrograms per cubic metre,0,units,,,11,,
NOR,Norway,EQ_AIRP,Air pollution,L,Value,TOT,Total,MICRO_M3,Micrograms per cubic metre,0,units,,,16,,
POL,Poland,EQ_AIRP,Air pollution,L,Value,TOT,Total,MICRO_M3,Micrograms per cubic metre,0,units,,,33,,
PRT,Portugal,EQ_AIRP,Air pollution,L,Value,TOT,Total,MICRO_M3,Micrograms per cubic metre,0,units,,,18,,
SVK,Slovak Republic,EQ_AIRP,Air pollution,L,Value,TOT,Total,MICRO_M3,Micrograms per cubic metre,0,units,,,13,,
ESP,Spain,EQ_AIRP,Air pollution,L,Value,TOT,Total,MICRO_M3,Micrograms per cubic metre,0,units,,,24,,
SWE,Sweden,EQ_AIRP,Air pollution,L,Value,TOT,Total,MICRO_M3,Micrograms per cubic metre,0,units,,,10,,
CHE,Switzerland,EQ_AIRP,Air pollution,L,Value,TOT,Total,MICRO_M3,Micrograms per cubic metre,0,units,,,20,,
TUR,Turkey,EQ_AIRP,Air pollution,L,Value,TOT,Total,MICRO_M3,Micrograms per cubic metre,0,units,,,35,,
GBR,United Kingdom,EQ_AIRP,Air pollution,L,Value,TOT,Total,MICRO_M3,Micrograms per cubic metre,0,units,,,13,,
USA,United States,EQ_AIRP,Air pollution,L,Value,TOT,Total,MICRO_M3,Micrograms per cubic metre,0,units,,,18,,
BRA,Brazil,EQ_AIRP,Air pollution,L,Value,TOT,Total,MICRO_M3,Micrograms per cubic metre,0,units,,,18,,
CHL,Chile,EQ_AIRP,Air pollution,L,Value,TOT,Total,MICRO_M3,Micrograms per cubic metre,0,units,,,46,,
EST,Estonia,EQ_AIRP,Air pollution,L,Value,TOT,Total,MICRO_M3,Micrograms per cubic metre,0,units,,,9,,
ISR,Israel,EQ_AIRP,Air pollution,L,Value,TOT,Total,MICRO_M3,Micrograms per cubic metre,0,units,,,21,,
RUS,Russia,EQ_AIRP,Air pollution,L,Value,TOT,Total,MICRO_M3,Micrograms per cubic metre,0,units,,,15,,
SVN,Slovenia,EQ_AIRP,Air pollution,L,Value,TOT,Total,MICRO_M3,Micrograms per cubic metre,0,units,,,26,,
AUS,Australia,EQ_WATER,Water quality,L,Value,TOT,Total,PC,Percentage,0,units,,,91,,
AUT,Austria,EQ_WATER,Water quality,L,Value,TOT,Total,PC,Percentage,0,units,,,94,,
BEL,Belgium,EQ_WATER,Water quality,L,Value,TOT,Total,PC,Percentage,0,units,,,87,,
CAN,Canada,EQ_WATER,Water quality,L,Value,TOT,Total,PC,Percentage,0,units,,,91,,
CZE,Czech Republic,EQ_WATER,Water quality,L,Value,TOT,Total,PC,Percentage,0,units,,,85,,
DNK,Denmark,EQ_WATER,Water quality,L,Value,TOT,Total,PC,Percentage,0,units,,,94,,
FIN,Finland,EQ_WATER,Water quality,L,Value,TOT,Total,PC,Percentage,0,units,,,94,,
FRA,France,EQ_WATER,Water quality,L,Value,TOT,Total,PC,Percentage,0,units,,,82,,
DEU,Germany,EQ_WATER,Water quality,L,Value,TOT,Total,PC,Percentage,0,units,,,95,,
GRC,Greece,EQ_WATER,Water quality,L,Value,TOT,Total,PC,Percentage,0,units,,,69,,
HUN,Hungary,EQ_WATER,Water quality,L,Value,TOT,Total,PC,Percentage,0,units,,,77,,
ISL,Iceland,EQ_WATER,Water quality,L,Value,TOT,Total,PC,Percentage,0,units,,,97,,
IRL,Ireland,EQ_WATER,Water quality,L,Value,TOT,Total,PC,Percentage,0,units,,,80,,
ITA,Italy,EQ_WATER,Water quality,L,Value,TOT,Total,PC,Percentage,0,units,,,71,,
JPN,Japan,EQ_WATER,Water quality,L,Value,TOT,Total,PC,Percentage,0,units,,,85,,
KOR,Korea,EQ_WATER,Water quality,L,Value,TOT,Total,PC,Percentage,0,units,,,78,,
LUX,Luxembourg,EQ_WATER,Water quality,L,Value,TOT,Total,PC,Percentage,0,units,,,86,,
MEX,Mexico,EQ_WATER,Water quality,L,Value,TOT,Total,PC,Percentage,0,units,,,67,,
NLD,Netherlands,EQ_WATER,Water quality,L,Value,TOT,Total,PC,Percentage,0,units,,,92,,
NZL,New Zealand,EQ_WATER,Water quality,L,Value,TOT,Total,PC,Percentage,0,units,,,89,,
NOR,Norway,EQ_WATER,Water quality,L,Value,TOT,Total,PC,Percentage,0,units,,,94,,
POL,Poland,EQ_WATER,Water quality,L,Value,TOT,Total,PC,Percentage,0,units,,,79,,
PRT,Portugal,EQ_WATER,Water quality,L,Value,TOT,Total,PC,Percentage,0,units,,,86,,
SVK,Slovak Republic,EQ_WATER,Water quality,L,Value,TOT,Total,PC,Percentage,0,units,,,81,,
ESP,Spain,EQ_WATER,Water quality,L,Value,TOT,Total,PC,Percentage,0,units,,,71,,
SWE,Sweden,EQ_WATER,Water quality,L,Value,TOT,Total,PC,Percentage,0,units,,,95,,
CHE,Switzerland,EQ_WATER,Water quality,L,Value,TOT,Total,PC,Percentage,0,units,,,96,,
TUR,Turkey,EQ_WATER,Water quality,L,Value,TOT,Total,PC,Percentage,0,units,,,62,,
GBR,United Kingdom,EQ_WATER,Water quality,L,Value,TOT,Total,PC,Percentage,0,units,,,88,,
USA,United States,EQ_WATER,Water quality,L,Value,TOT,Total,PC,Percentage,0,units,,,85,,
BRA,Brazil,EQ_WATER,Water quality,L,Value,TOT,Total,PC,Percentage,0,units,,,72,,
CHL,Chile,EQ_WATER,Water quality,L,Value,TOT,Total,PC,Percentage,0,units,,,73,,
EST,Estonia,EQ_WATER,Water quality,L,Value,TOT,Total,PC,Percentage,0,units,,,79,,
ISR,Israel,EQ_WATER,Water quality,L,Value,TOT,Total,PC,Percentage,0,units,,,68,,
RUS,Russia,EQ_WATER,Water quality,L,Value,TOT,Total,PC,Percentage,0,units,,,56,,
SVN,Slovenia,EQ_WATER,Water quality,L,Value,TOT,Total,PC,Percentage,0,units,,,88,,
AUS,Australia,HS_SFRH,Self-reported health,L,Value,TOT,Total,PC,Percentage,0,units,,,85,,
AUT,Austria,HS_SFRH,Self-reported health,L,Value,TOT,Total,PC,Percentage,0,units,,,69,,
BEL,Belgium,HS_SFRH,Self-reported health,L,Value,TOT,Total,PC,Percentage,0,units,,,74,,
CAN,Canada,HS_SFRH,Self-reported health,L,Value,TOT,Total,PC,Percentage,0,units,,,89,,
CZE,Czech Republic,HS_SFRH,Self-reported health,L,Value,TOT,Total,PC,Percentage,0,units,,,60,,
DNK,Denmark,HS_SFRH,Self-reported health,L,Value,TOT,Total,PC,Percentage,0,units,,,72,,
FIN,Finland,HS_SFRH,Self-reported health,L,Value,TOT,Total,PC,Percentage,0,units,,,65,,
FRA,France,HS_SFRH,Self-reported health,L,Value,TOT,Total,PC,Percentage,0,units,,,67,,
DEU,Germany,HS_SFRH,Self-reported health,L,Value,TOT,Total,PC,Percentage,0,units,,,65,,
GRC,Greece,HS_SFRH,Self-reported health,L,Value,TOT,Total,PC,Percentage,0,units,,,74,,
HUN,Hungary,HS_SFRH,Self-reported health,L,Value,TOT,Total,PC,Percentage,0,units,,,57,,
ISL,Iceland,HS_SFRH,Self-reported health,L,Value,TOT,Total,PC,Percentage,0,units,,,77,,
IRL,Ireland,HS_SFRH,Self-reported health,L,Value,TOT,Total,PC,Percentage,0,units,,,82,,
ITA,Italy,HS_SFRH,Self-reported health,L,Value,TOT,Total,PC,Percentage,0,units,,,66,,
JPN,Japan,HS_SFRH,Self-reported health,L,Value,TOT,Total,PC,Percentage,0,units,,,30,,
KOR,Korea,HS_SFRH,Self-reported health,L,Value,TOT,Total,PC,Percentage,0,units,,,35,,
LUX,Luxembourg,HS_SFRH,Self-reported health,L,Value,TOT,Total,PC,Percentage,0,units,,,72,,
MEX,Mexico,HS_SFRH,Self-reported health,L,Value,TOT,Total,PC,Percentage,0,units,,,66,,
NLD,Netherlands,HS_SFRH,Self-reported health,L,Value,TOT,Total,PC,Percentage,0,units,,,76,,
NZL,New Zealand,HS_SFRH,Self-reported health,L,Value,TOT,Total,PC,Percentage,0,units,,,90,,
NOR,Norway,HS_SFRH,Self-reported health,L,Value,TOT,Total,PC,Percentage,0,units,,,76,,
POL,Poland,HS_SFRH,Self-reported health,L,Value,TOT,Total,PC,Percentage,0,units,,,58,,
PRT,Portugal,HS_SFRH,Self-reported health,L,Value,TOT,Total,PC,Percentage,0,units,,,46,,
SVK,Slovak Republic,HS_SFRH,Self-reported health,L,Value,TOT,Total,PC,Percentage,0,units,,,66,,
ESP,Spain,HS_SFRH,Self-reported health,L,Value,TOT,Total,PC,Percentage,0,units,,,72,,
SWE,Sweden,HS_SFRH,Self-reported health,L,Value,TOT,Total,PC,Percentage,0,units,,,81,,
CHE,Switzerland,HS_SFRH,Self-reported health,L,Value,TOT,Total,PC,Percentage,0,units,,,81,,
TUR,Turkey,HS_SFRH,Self-reported health,L,Value,TOT,Total,PC,Percentage,0,units,,,68,,
GBR,United Kingdom,HS_SFRH,Self-reported health,L,Value,TOT,Total,PC,Percentage,0,units,,,74,,
USA,United States,HS_SFRH,Self-reported health,L,Value,TOT,Total,PC,Percentage,0,units,,,88,,
BRA,Brazil,HS_SFRH,Self-reported health,L,Value,TOT,Total,PC,Percentage,0,units,,,69,E,Estimated value
CHL,Chile,HS_SFRH,Self-reported health,L,Value,TOT,Total,PC,Percentage,0,units,,,59,,
EST,Estonia,HS_SFRH,Self-reported health,L,Value,TOT,Total,PC,Percentage,0,units,,,54,,
ISR,Israel,HS_SFRH,Self-reported health,L,Value,TOT,Total,PC,Percentage,0,units,,,80,,
RUS,Russia,HS_SFRH,Self-reported health,L,Value,TOT,Total,PC,Percentage,0,units,,,37,,
SVN,Slovenia,HS_SFRH,Self-reported health,L,Value,TOT,Total,PC,Percentage,0,units,,,65,,
AUS,Australia,SW_LIFS,Life satisfaction,L,Value,TOT,Total,AVSCORE,Average score,0,units,,,7.3,,
AUT,Austria,SW_LIFS,Life satisfaction,L,Value,TOT,Total,AVSCORE,Average score,0,units,,,6.9,,
BEL,Belgium,SW_LIFS,Life satisfaction,L,Value,TOT,Total,AVSCORE,Average score,0,units,,,6.9,,
CAN,Canada,SW_LIFS,Life satisfaction,L,Value,TOT,Total,AVSCORE,Average score,0,units,,,7.3,,
CZE,Czech Republic,SW_LIFS,Life satisfaction,L,Value,TOT,Total,AVSCORE,Average score,0,units,,,6.5,,
DNK,Denmark,SW_LIFS,Life satisfaction,L,Value,TOT,Total,AVSCORE,Average score,0,units,,,7.5,,
FIN,Finland,SW_LIFS,Life satisfaction,L,Value,TOT,Total,AVSCORE,Average score,0,units,,,7.4,,
FRA,France,SW_LIFS,Life satisfaction,L,Value,TOT,Total,AVSCORE,Average score,0,units,,,6.5,,
DEU,Germany,SW_LIFS,Life satisfaction,L,Value,TOT,Total,AVSCORE,Average score,0,units,,,7,,
GRC,Greece,SW_LIFS,Life satisfaction,L,Value,TOT,Total,AVSCORE,Average score,0,units,,,4.8,,
HUN,Hungary,SW_LIFS,Life satisfaction,L,Value,TOT,Total,AVSCORE,Average score,0,units,,,4.9,,
ISL,Iceland,SW_LIFS,Life satisfaction,L,Value,TOT,Total,AVSCORE,Average score,0,units,,,7.5,,
IRL,Ireland,SW_LIFS,Life satisfaction,L,Value,TOT,Total,AVSCORE,Average score,0,units,,,7,,
ITA,Italy,SW_LIFS,Life satisfaction,L,Value,TOT,Total,AVSCORE,Average score,0,units,,,6,,
JPN,Japan,SW_LIFS,Life satisfaction,L,Value,TOT,Total,AVSCORE,Average score,0,units,,,5.9,,
KOR,Korea,SW_LIFS,Life satisfaction,L,Value,TOT,Total,AVSCORE,Average score,0,units,,,5.8,,
LUX,Luxembourg,SW_LIFS,Life satisfaction,L,Value,TOT,Total,AVSCORE,Average score,0,units,,,6.9,,
MEX,Mexico,SW_LIFS,Life satisfaction,L,Value,TOT,Total,AVSCORE,Average score,0,units,,,6.7,,
NLD,Netherlands,SW_LIFS,Life satisfaction,L,Value,TOT,Total,AVSCORE,Average score,0,units,,,7.3,,
NZL,New Zealand,SW_LIFS,Life satisfaction,L,Value,TOT,Total,AVSCORE,Average score,0,units,,,7.3,,
NOR,Norway,SW_LIFS,Life satisfaction,L,Value,TOT,Total,AVSCORE,Average score,0,units,,,7.4,,
POL,Poland,SW_LIFS,Life satisfaction,L,Value,TOT,Total,AVSCORE,Average score,0,units,,,5.8,,
PRT,Portugal,SW_LIFS,Life satisfaction,L,Value,TOT,Total,AVSCORE,Average score,0,units,,,5.1,,
SVK,Slovak Republic,SW_LIFS,Life satisfaction,L,Value,TOT,Total,AVSCORE,Average score,0,units,,,6.1,,
ESP,Spain,SW_LIFS,Life satisfaction,L,Value,TOT,Total,AVSCORE,Average score,0,units,,,6.5,,
SWE,Sweden,SW_LIFS,Life satisfaction,L,Value,TOT,Total,AVSCORE,Average score,0,units,,,7.2,,
CHE,Switzerland,SW_LIFS,Life satisfaction,L,Value,TOT,Total,AVSCORE,Average score,0,units,,,7.5,,
TUR,Turkey,SW_LIFS,Life satisfaction,L,Value,TOT,Total,AVSCORE,Average score,0,units,,,5.6,,
GBR,United Kingdom,SW_LIFS,Life satisfaction,L,Value,TOT,Total,AVSCORE,Average score,0,units,,,6.8,,
USA,United States,SW_LIFS,Life satisfaction,L,Value,TOT,Total,AVSCORE,Average score,0,units,,,7.2,,
BRA,Brazil,SW_LIFS,Life satisfaction,L,Value,TOT,Total,AVSCORE,Average score,0,units,,,7,,
CHL,Chile,SW_LIFS,Life satisfaction,L,Value,TOT,Total,AVSCORE,Average score,0,units,,,6.7,,
EST,Estonia,SW_LIFS,Life satisfaction,L,Value,TOT,Total,AVSCORE,Average score,0,units,,,5.6,,
ISR,Israel,SW_LIFS,Life satisfaction,L,Value,TOT,Total,AVSCORE,Average score,0,units,,,7.4,,
RUS,Russia,SW_LIFS,Life satisfaction,L,Value,TOT,Total,AVSCORE,Average score,0,units,,,6,,
SVN,Slovenia,SW_LIFS,Life satisfaction,L,Value,TOT,Total,AVSCORE,Average score,0,units,,,5.7,,
AUS,Australia,WL_EWLH,Employees working very long hours,L,Value,TOT,Total,PC,Percentage,0,units,,,14.02,,
AUT,Austria,WL_EWLH,Employees working very long hours,L,Value,TOT,Total,PC,Percentage,0,units,,,7.61,,
BEL,Belgium,WL_EWLH,Employees working very long hours,L,Value,TOT,Total,PC,Percentage,0,units,,,4.57,,
CAN,Canada,WL_EWLH,Employees working very long hours,L,Value,TOT,Total,PC,Percentage,0,units,,,3.94,,
CZE,Czech Republic,WL_EWLH,Employees working very long hours,L,Value,TOT,Total,PC,Percentage,0,units,,,6.98,,
DNK,Denmark,WL_EWLH,Employees working very long hours,L,Value,TOT,Total,PC,Percentage,0,units,,,2.03,,
FIN,Finland,WL_EWLH,Employees working very long hours,L,Value,TOT,Total,PC,Percentage,0,units,,,3.58,,
FRA,France,WL_EWLH,Employees working very long hours,L,Value,TOT,Total,PC,Percentage,0,units,,,8.15,,
DEU,Germany,WL_EWLH,Employees working very long hours,L,Value,TOT,Total,PC,Percentage,0,units,,,5.25,,
GRC,Greece,WL_EWLH,Employees working very long hours,L,Value,TOT,Total,PC,Percentage,0,units,,,6.16,,
HUN,Hungary,WL_EWLH,Employees working very long hours,L,Value,TOT,Total,PC,Percentage,0,units,,,3.19,,
ISL,Iceland,WL_EWLH,Employees working very long hours,L,Value,TOT,Total,PC,Percentage,0,units,,,12.25,E,Estimated value
IRL,Ireland,WL_EWLH,Employees working very long hours,L,Value,TOT,Total,PC,Percentage,0,units,,,4.2,,
ITA,Italy,WL_EWLH,Employees working very long hours,L,Value,TOT,Total,PC,Percentage,0,units,,,3.66,,
JPN,Japan,WL_EWLH,Employees working very long hours,L,Value,TOT,Total,PC,Percentage,0,units,,,22.26,E,Estimated value
KOR,Korea,WL_EWLH,Employees working very long hours,L,Value,TOT,Total,PC,Percentage,0,units,,,18.72,E,Estimated value
LUX,Luxembourg,WL_EWLH,Employees working very long hours,L,Value,TOT,Total,PC,Percentage,0,units,,,3.47,,
MEX,Mexico,WL_EWLH,Employees working very long hours,L,Value,TOT,Total,PC,Percentage,0,units,,,28.83,,
NLD,Netherlands,WL_EWLH,Employees working very long hours,L,Value,TOT,Total,PC,Percentage,0,units,,,0.45,,
NZL,New Zealand,WL_EWLH,Employees working very long hours,L,Value,TOT,Total,PC,Percentage,0,units,,,13.87,,
NOR,Norway,WL_EWLH,Employees working very long hours,L,Value,TOT,Total,PC,Percentage,0,units,,,2.82,,
POL,Poland,WL_EWLH,Employees working very long hours,L,Value,TOT,Total,PC,Percentage,0,units,,,7.41,,
PRT,Portugal,WL_EWLH,Employees working very long hours,L,Value,TOT,Total,PC,Percentage,0,units,,,9.62,,
SVK,Slovak Republic,WL_EWLH,Employees working very long hours,L,Value,TOT,Total,PC,Percentage,0,units,,,7.02,,
ESP,Spain,WL_EWLH,Employees working very long hours,L,Value,TOT,Total,PC,Percentage,0,units,,,5.89,,
SWE,Sweden,WL_EWLH,Employees working very long hours,L,Value,TOT,Total,PC,Percentage,0,units,,,1.13,,
CHE,Switzerland,WL_EWLH,Employees working very long hours,L,Value,TOT,Total,PC,Percentage,0,units,,,6.72,E,Estimated value
TUR,Turkey,WL_EWLH,Employees working very long hours,L,Value,TOT,Total,PC,Percentage,0,units,,,40.86,,
GBR,United Kingdom,WL_EWLH,Employees working very long hours,L,Value,TOT,Total,PC,Percentage,0,units,,,12.7,,
USA,United States,WL_EWLH,Employees working very long hours,L,Value,TOT,Total,PC,Percentage,0,units,,,11.3,,
BRA,Brazil,WL_EWLH,Employees working very long hours,L,Value,TOT,Total,PC,Percentage,0,units,,,10.41,,
CHL,Chile,WL_EWLH,Employees working very long hours,L,Value,TOT,Total,PC,Percentage,0,units,,,15.42,,
EST,Estonia,WL_EWLH,Employees working very long hours,L,Value,TOT,Total,PC,Percentage,0,units,,,3.3,,
ISR,Israel,WL_EWLH,Employees working very long hours,L,Value,TOT,Total,PC,Percentage,0,units,,,16.03,,
RUS,Russia,WL_EWLH,Employees working very long hours,L,Value,TOT,Total,PC,Percentage,0,units,,,0.16,,
SVN,Slovenia,WL_EWLH,Employees working very long hours,L,Value,TOT,Total,PC,Percentage,0,units,,,5.63,,
AUS,Australia,WL_TNOW,Time devoted to leisure and personal care,L,Value,TOT,Total,HOUR,Hours,0,units,,,14.41,,
AUT,Austria,WL_TNOW,Time devoted to leisure and personal care,L,Value,TOT,Total,HOUR,Hours,0,units,,,14.46,,
BEL,Belgium,WL_TNOW,Time devoted to leisure and personal care,L,Value,TOT,Total,HOUR,Hours,0,units,,,15.71,,
CAN,Canada,WL_TNOW,Time devoted to leisure and personal care,L,Value,TOT,Total,HOUR,Hours,0,units,,,14.25,,
CZE,Czech Republic,WL_TNOW,Time devoted to leisure and personal care,L,Value,TOT,Total,HOUR,Hours,0,units,,,14.98,E,Estimated value
DNK,Denmark,WL_TNOW,Time devoted to leisure and personal care,L,Value,TOT,Total,HOUR,Hours,0,units,,,16.06,,
FIN,Finland,WL_TNOW,Time devoted to leisure and personal care,L,Value,TOT,Total,HOUR,Hours,0,units,,,14.89,,
FRA,France,WL_TNOW,Time devoted to leisure and personal care,L,Value,TOT,Total,HOUR,Hours,0,units,,,15.33,,
DEU,Germany,WL_TNOW,Time devoted to leisure and personal care,L,Value,TOT,Total,HOUR,Hours,0,units,,,15.31,,
GRC,Greece,WL_TNOW,Time devoted to leisure and personal care,L,Value,TOT,Total,HOUR,Hours,0,units,,,14.91,E,Estimated value
HUN,Hungary,WL_TNOW,Time devoted to leisure and personal care,L,Value,TOT,Total,HOUR,Hours,0,units,,,15.04,E,Estimated value
ISL,Iceland,WL_TNOW,Time devoted to leisure and personal care,L,Value,TOT,Total,HOUR,Hours,0,units,,,14.61,E,Estimated value
IRL,Ireland,WL_TNOW,Time devoted to leisure and personal care,L,Value,TOT,Total,HOUR,Hours,0,units,,,15.19,E,Estimated value
ITA,Italy,WL_TNOW,Time devoted to leisure and personal care,L,Value,TOT,Total,HOUR,Hours,0,units,,,14.98,,
JPN,Japan,WL_TNOW,Time devoted to leisure and personal care,L,Value,TOT,Total,HOUR,Hours,0,units,,,14.93,,
KOR,Korea,WL_TNOW,Time devoted to leisure and personal care,L,Value,TOT,Total,HOUR,Hours,0,units,,,14.63,,
LUX,Luxembourg,WL_TNOW,Time devoted to leisure and personal care,L,Value,TOT,Total,HOUR,Hours,0,units,,,15.12,E,Estimated value
MEX,Mexico,WL_TNOW,Time devoted to leisure and personal care,L,Value,TOT,Total,HOUR,Hours,0,units,,,13.89,E,Estimated value
NLD,Netherlands,WL_TNOW,Time devoted to leisure and personal care,L,Value,TOT,Total,HOUR,Hours,0,units,,,15.44,E,Estimated value
NZL,New Zealand,WL_TNOW,Time devoted to leisure and personal care,L,Value,TOT,Total,HOUR,Hours,0,units,,,14.87,,
NOR,Norway,WL_TNOW,Time devoted to leisure and personal care,L,Value,TOT,Total,HOUR,Hours,0,units,,,15.56,,
POL,Poland,WL_TNOW,Time devoted to leisure and personal care,L,Value,TOT,Total,HOUR,Hours,0,units,,,14.2,,
PRT,Portugal,WL_TNOW,Time devoted to leisure and personal care,L,Value,TOT,Total,HOUR,Hours,0,units,,,14.95,E,Estimated value
SVK,Slovak Republic,WL_TNOW,Time devoted to leisure and personal care,L,Value,TOT,Total,HOUR,Hours,0,units,,,14.99,E,Estimated value
ESP,Spain,WL_TNOW,Time devoted to leisure and personal care,L,Value,TOT,Total,HOUR,Hours,0,units,,,16.06,,
SWE,Sweden,WL_TNOW,Time devoted to leisure and personal care,L,Value,TOT,Total,HOUR,Hours,0,units,,,15.11,,
CHE,Switzerland,WL_TNOW,Time devoted to leisure and personal care,L,Value,TOT,Total,HOUR,Hours,0,units,,,14.98,E,Estimated value
TUR,Turkey,WL_TNOW,Time devoted to leisure and personal care,L,Value,TOT,Total,HOUR,Hours,0,units,,,13.42,E,Estimated value
GBR,United Kingdom,WL_TNOW,Time devoted to leisure and personal care,L,Value,TOT,Total,HOUR,Hours,0,units,,,14.83,,
USA,United States,WL_TNOW,Time devoted to leisure and personal care,L,Value,TOT,Total,HOUR,Hours,0,units,,,14.27,,
BRA,Brazil,WL_TNOW,Time devoted to leisure and personal care,L,Value,TOT,Total,HOUR,Hours,0,units,,,14.97,E,Estimated value
CHL,Chile,WL_TNOW,Time devoted to leisure and personal care,L,Value,TOT,Total,HOUR,Hours,0,units,,,14.41,E,Estimated value
EST,Estonia,WL_TNOW,Time devoted to leisure and personal care,L,Value,TOT,Total,HOUR,Hours,0,units,,,14.9,,
ISR,Israel,WL_TNOW,Time devoted to leisure and personal care,L,Value,TOT,Total,HOUR,Hours,0,units,,,14.48,E,Estimated value
RUS,Russia,WL_TNOW,Time devoted to leisure and personal care,L,Value,TOT,Total,HOUR,Hours,0,units,,,14.97,E,Estimated value
SVN,Slovenia,WL_TNOW,Time devoted to leisure and personal care,L,Value,TOT,Total,HOUR,Hours,0,units,,,14.62,,
